Temperature 1,Temperature 2,Temperature 3,Temperature 4,Pressure,Speed,Feed Rate,Time interval,Polymer diameter,Image address
278.3314802026206,254.35984460136524,260.2819005459998,270.72143762525553,159.16845385661014,0,0,reload,24.26,myData/image/pi8.jpg
256.1373565384402,258.9429382673475,261.3587432082583,251.1783386227622,577.5625937498642,0,0,reload,24.26,myData/image/pi8.jpg
